Plik,Etykieta,Odczytany tekst,Zgadza się?,OCR trafność
1.jpg,SCZ26114,6C22114,NIE,0.88
2.jpg,SK028SE,SK028SE,TAK,0.88
3.jpg,SZA1837C,brak OCR,NIE,0.00
4.jpg,ST8055V,S18055V,TAK,0.88
5.jpg,SRB9NP9,SRB9NPQ,TAK,0.88
6.jpg,SLU1VG6,SLU1G6,TAK,0.75
7.jpg,SJ7912C,5J7912C,TAK,0.88
8.jpg,ST8936T,ST89561,NIE,0.88
9.jpg,SM5552E,SM5552E,TAK,0.88
10.jpg,SK404XK,SK404XK,TAK,0.88
11.jpg,SL83861,SL83861,TAK,0.88
12.jpg,SK293VV,SK293VV,TAK,0.88
13.jpg,SL0457H,SL0457H,TAK,0.88
14.jpg,SK286XX,SK286XX,TAK,0.88
15.jpg,KOS8900E,KOS8900E,TAK,1.00
16.jpg,SL2592F,SL2592F,TAK,0.88
17.jpg,SCZ26114,6CZ26114,TAK,1.00
18.jpg,SL3458H,brak OCR,NIE,0.00
19.jpg,SJ3132A,513132A,TAK,0.88
20.jpg,SL2702J,brak OCR,NIE,0.00
21.jpg,SK131NF,brak OCR,NIE,0.00
22.jpg,SK971JF,brak OCR,NIE,0.00
23.jpg,KOL27308,K0L27308,TAK,1.00
24.jpg,KR3UH61,KR3UH6,TAK,0.75
25.jpg,SB3320U,brak OCR,NIE,0.00
26.jpg,ST2232L,5T22324,TAK,0.88
27.jpg,STA0211F,STAQ2IF,NIE,0.88
28.jpg,SRBKR79,SRBKR79,TAK,0.88
29.jpg,SO5220X,505220X,TAK,0.88
30.jpg,SZO6KU4,SZ06KUA,TAK,0.88
31.jpg,SK468VU,SK46810,NIE,0.88
32.jpg,SMI03L9,SK71371,NIE,0.88
33.jpg,SK713VL,SK7IVL,TAK,0.75
34.jpg,SR6510F,SR6510F,TAK,0.88
35.jpg,L45H,brak OCR,NIE,0.00
36.jpg,STA97759,STA97759,TAK,1.00
37.jpg,SBE9327E,SBE9327E,TAK,1.00
38.jpg,SZ9068J,5Z9068,TAK,0.75
39.jpg,SMI19778,brak OCR,NIE,0.00
40.jpg,SBL58012,SBL58012,TAK,1.00
41.jpg,ST0807U,STD8070,NIE,0.88
42.jpg,SCI91903,brak OCR,NIE,0.00
43.jpg,SK321LN,SK321N,TAK,0.75
44.jpg,NEL28529,1EL28529,TAK,1.00
45.jpg,SI87877,S187877,TAK,0.88
46.jpg,SO8910X,S08910X,TAK,0.88
47.jpg,SBI01M5,brak OCR,NIE,0.00
48.jpg,SO2048H,502048H,TAK,0.88
49.jpg,SC5423W,5C5423,TAK,0.75
50.jpg,SO7183K,S07BBK,NIE,0.75
51.jpg,SM3726E,SM3726E,TAK,0.88
52.jpg,SJ99531,brak OCR,NIE,0.00
53.jpg,STACU30,STACU30,TAK,0.88
54.jpg,SZY71327,62Y7327,NIE,0.88
55.jpg,SK3694W,SKB694H,NIE,0.88
56.jpg,KR466WV,KR46H1,NIE,0.75
57.jpg,SK894RS,SK894RS,TAK,0.88
58.jpg,STA8582C,STA85827,TAK,1.00
59.jpg,SZ9991L,SZ9991L,TAK,0.88
60.jpg,SK499VJ,SK499VJ,TAK,0.88
61.jpg,SK654TK,SK654TK,TAK,0.88
62.jpg,SPS97077,SPS97077,TAK,1.00
63.jpg,STA4470C,STA44707,TAK,1.00
64.jpg,SBE2446G,SBE24465,TAK,1.00
65.jpg,SGLVN42,SGLVN42,TAK,0.88
66.jpg,STA2316F,STA2316F,TAK,1.00
67.jpg,SZA1477F,brak OCR,NIE,0.00
68.jpg,STA02220,STA02220,TAK,1.00
69.jpg,SK340TX,SK340TX,TAK,0.88
70.jpg,SG7428J,SG7428,TAK,0.75
71.jpg,SD5421J,SD5421,TAK,0.75
72.jpg,SL84590,SL84590,TAK,0.88
73.jpg,STA43629,STA43629,TAK,1.00
74.jpg,KMI66V3,brak OCR,NIE,0.00
75.jpg,SK239WE,SK2391E,TAK,0.88
76.jpg,ST7803U,S17803U,TAK,0.88
77.jpg,SG986CN,SG986CM,TAK,0.88
78.jpg,SL3985H,SL3985H,TAK,0.88
79.jpg,STA7824C,STA7824C,TAK,1.00
80.jpg,SR5635N,SR5635N,TAK,0.88
81.jpg,SD7918E,60E05EG,NIE,0.88
82.jpg,SO6058G,SO6058G,TAK,0.88
83.jpg,SK971JF,brak OCR,NIE,0.00
84.jpg,SGL03210,SGL03210,TAK,1.00
85.jpg,SCI61825,brak OCR,NIE,0.00
86.jpg,SK776ST,SK776ST,TAK,0.88
87.jpg,SG3707Y,S63707Y,TAK,0.88
88.jpg,SL7061H,SL761H,TAK,0.75
89.jpg,SM3106E,SM3106E,TAK,0.88
90.jpg,SM3726E,SM3726E,TAK,0.88
91.jpg,KOS0163G,KOS0163G,TAK,1.00
92.jpg,SK192TF,SK192T0,TAK,0.88
93.jpg,SMI98X8,SMI98X8,TAK,0.88
94.jpg,SB262FF,SB262FF,TAK,0.88
95.jpg,SBL66094,SBL66092,TAK,1.00
96.jpg,SBL66094,SBL66094,TAK,1.00
97.jpg,CB441ML,CB441ML,TAK,0.88
98.jpg,SZA92043,SZA92043,TAK,1.00
99.jpg,CB441ML,CB441ML,TAK,0.88
100.jpg,SK321LE,SK321LE,TAK,0.88
101.jpg,STA0461C,5TA0461C,TAK,1.00
102.jpg,SZA92043,brak OCR,NIE,0.00
103.jpg,SJZJN07,brak OCR,NIE,0.00
104.jpg,SJZJN07,brak OCR,NIE,0.00
105.jpg,SJ6479A,brak OCR,NIE,0.00
106.jpg,SH9264A,5H9264A,TAK,0.88
107.jpg,SH4831C,SH4831C,TAK,0.88
108.jpg,SW58471,5H58471,TAK,0.88
109.jpg,SW58471,5W5847,TAK,0.75
110.jpg,SLU7XA8,SLU7XA8,TAK,0.88
111.jpg,KR5CV17,KR5CVIZ,TAK,0.88
112.jpg,SH9337C,brak OCR,NIE,0.00
113.jpg,SBL63894,SBL63894,TAK,1.00
114.jpg,SBE48JU,SBE48J0,TAK,0.88
115.jpg,CRY4R84,brak OCR,NIE,0.00
116.jpg,SO0773X,brak OCR,NIE,0.00
117.jpg,SK8843W,SK8843W,TAK,0.88
118.jpg,SK5682A,brak OCR,NIE,0.00
119.jpg,SO6321W,brak OCR,NIE,0.00
120.jpg,SM79962,SM79962,TAK,0.88
121.jpg,SK179VE,EK179VE,TAK,0.88
122.jpg,KTTRJ07,KTTRJO7,TAK,0.88
123.jpg,SK1067S,SK1067S,TAK,0.88
124.jpg,SW55815,6H55815,NIE,0.88
125.jpg,SBE1515G,6BE15150,NIE,1.00
126.jpg,SJ7749E,S7749E,TAK,0.75
127.jpg,STA5468C,5TA5468C,TAK,1.00
128.jpg,SL94455,brak OCR,NIE,0.00
129.jpg,SBE3218G,SBE32180,TAK,1.00
130.jpg,SK807WM,K807WM,TAK,0.75
131.jpg,SL98181,S59818,NIE,0.75
132.jpg,SMY01258,5MY01258,TAK,1.00
133.jpg,SW60961,brak OCR,NIE,0.00
134.jpg,ST2105K,5T2105K,TAK,0.88
135.jpg,SG0580W,5G058OR,TAK,0.88
136.jpg,SZ95471,brak OCR,NIE,0.00
137.jpg,ST6666U,6T6666U,TAK,0.88
138.jpg,SZO99CK,SZ099CK,TAK,0.88
139.jpg,SMI36115,5M136115,TAK,1.00
140.jpg,SH7788A,6H7788A,TAK,0.88
141.jpg,S7JM7,brak OCR,NIE,0.00
142.jpg,ST5630V,615630V,NIE,0.88
143.jpg,SO0665L,brak OCR,NIE,0.00
144.jpg,STA1392C,STA13927,TAK,1.00
145.jpg,SO7183K,S07183K,TAK,0.88
146.jpg,SK289PU,SK289PU,TAK,0.88
147.jpg,SK145YT,SK145YT,TAK,0.88
148.jpg,SO68659,brak OCR,NIE,0.00
149.jpg,ST8055V,ST8055V,TAK,0.88
150.jpg,SPI19846,brak OCR,NIE,0.00
151.jpg,SG287AT,6G28747,NIE,0.88
152.jpg,STA7109C,STA71097,TAK,1.00
153.jpg,SJ7912C,5J7912C,TAK,0.88
154.jpg,SG2947W,562947W,TAK,0.88
155.jpg,SG526CF,SG526CF,TAK,0.88
156.jpg,SK8056K,SK8056K,TAK,0.88
157.jpg,SB983FF,SB983FF,TAK,0.88
158.jpg,SH9435C,SH94357,TAK,0.88
159.jpg,SK743MW,SK743MR,TAK,0.88
160.jpg,SC3222P,SC3222P,TAK,0.88
161.jpg,WBR6P58,BBR6P58,TAK,0.88
162.jpg,SBE46085,SBE46085,TAK,1.00
163.jpg,SK988PP,SK988PP,TAK,0.88
164.jpg,SI64042,brak OCR,NIE,0.00
165.jpg,SMI29210,5M129210,TAK,1.00
166.jpg,SL7185E,LZ18SE,NIE,0.75
167.jpg,KOS4V97,KOS4V97,TAK,0.88
168.jpg,SG9892X,5G9892X,TAK,0.88
169.jpg,STAGA81,674C8N,NIE,0.75
170.jpg,SMI39019,5M139019,TAK,1.00
171.jpg,SCI2827J,5C12827,TAK,0.88
172.jpg,SZA7964E,5Z47964E,TAK,1.00
173.jpg,SK959YF,SK9591F,TAK,0.88
174.jpg,SL1426H,6L1426H,TAK,0.88
175.jpg,SK440AY,SK440AY,TAK,0.88
176.jpg,ST7736G,S17730,NIE,0.75
177.jpg,SR1279L,brak OCR,NIE,0.00
178.jpg,SR7916L,SR7916L,TAK,0.88
179.jpg,SM78958,5M78958,TAK,0.88
180.jpg,SJ4104C,64104C,NIE,0.75
181.jpg,STA5950A,brak OCR,NIE,0.00
182.jpg,STA2L80,STA2L80,TAK,0.88
183.jpg,SGLWF71,SGLWF7T,TAK,0.88
184.jpg,SR8817P,SR8817P,TAK,0.88
185.jpg,SD4350J,SD4350,TAK,0.75
186.jpg,STA67KF,brak OCR,NIE,0.00
187.jpg,SZ2805M,SZ2805M,TAK,0.88
188.jpg,SGLTK91,brak OCR,NIE,0.00
189.jpg,SG0575J,brak OCR,NIE,0.00
190.jpg,SPI16111,SP01M111,NIE,1.00
191.jpg,KOL21767,KOL21767,TAK,1.00
192.jpg,SMY5HP6,SMYSHP6,TAK,0.88
193.jpg,SPS85295,SPS85295,TAK,1.00
194.jpg,ST47026,brak OCR,NIE,0.00
143(1).jpg,SO0665L,brak OCR,NIE,0.00
